<?xml version="1.0" encoding="UTF-8"?>
<project-private xmlns="http://www.netbeans.org/ns/project-private/1">
    <editor-bookmarks xmlns="http://www.netbeans.org/ns/editor-bookmarks/2" lastBookmarkId="0"/>
    <open-files xmlns="http://www.netbeans.org/ns/projectui-open-files/2">
        <group>
            <file>file:/C:/Github/iut_yohan_carvalho/Embedded/Projet_Hays_dalvaringa.X/timer.h</file>
            <file>file:/C:/Github/iut_yohan_carvalho/Embedded/Projet_Hays_dalvaringa.X/PWM.c</file>
            <file>file:/C:/Github/iut_yohan_carvalho/Embedded/Projet_Hays_dalvaringa.X/main.h</file>
            <file>file:/C:/Github/iut_yohan_carvalho/Embedded/Projet_Hays_dalvaringa.X/ADC.h</file>
            <file>file:/C:/Github/iut_yohan_carvalho/Embedded/Projet_Hays_dalvaringa.X/ADC.c</file>
            <file>file:/C:/Github/iut_yohan_carvalho/Embedded/Projet_Hays_dalvaringa.X/IO.c</file>
            <file>file:/C:/Github/iut_yohan_carvalho/Embedded/Projet_Hays_dalvaringa.X/Toolbox.h</file>
            <file>file:/C:/Github/iut_yohan_carvalho/Embedded/Projet_Hays_dalvaringa.X/Robot.c</file>
            <file>file:/C:/Github/iut_yohan_carvalho/Embedded/Projet_Hays_dalvaringa.X/IO.h</file>
            <file>file:/C:/Github/iut_yohan_carvalho/Embedded/Projet_Hays_dalvaringa.X/Robot.h</file>
            <file>file:/C:/Github/iut_yohan_carvalho/Embedded/Projet_Hays_dalvaringa.X/Toolbox.c</file>
            <file>file:/C:/Github/iut_yohan_carvalho/Embedded/Projet_Hays_dalvaringa.X/PWM.h</file>
            <file>file:/C:/Github/iut_yohan_carvalho/Embedded/Projet_Hays_dalvaringa.X/main.c</file>
            <file>file:/C:/Github/iut_yohan_carvalho/Embedded/Projet_Hays_dalvaringa.X/ChipConfig.c</file>
            <file>file:/C:/Github/iut_yohan_carvalho/Embedded/Projet_Hays_dalvaringa.X/timer.c</file>
            <file>file:/C:/Github/iut_yohan_carvalho/Embedded/Projet_Hays_dalvaringa.X/ChipConfig.h</file>
        </group>
    </open-files>
</project-private>
